[{"id":"user-image-photo_2022-10-17_14-03-23.jpg","publicUrl":"np://user.desktop.nicepage.com/Site_65452099/images/photo_2022-10-17_14-03-23.jpg","size":194866,"fileName":"photo_2022-10-17_14-03-23.jpg","name":"photo_2022-10-17_14-03-23","width":962,"height":1280,"thumbnail":{"url":"np://user.desktop.nicepage.com/Site_65452099/images/thumbnails/photo_2022-10-17_14-03-23.jpg","width":188,"height":250}},{"id":"user-image-IMG_20210627_214943_130.jpg","publicUrl":"np://user.desktop.nicepage.com/Site_65452099/images/IMG_20210627_214943_130.jpg","size":121571,"fileName":"IMG_20210627_214943_130.jpg","name":"IMG_20210627_214943_130","width":853,"height":1280,"thumbnail":{"url":"np://user.desktop.nicepage.com/Site_65452099/images/thumbnails/IMG_20210627_214943_130.jpg","width":167,"height":250}},{"id":"user-image-__1.jpg","publicUrl":"np://user.desktop.nicepage.com/Site_65452099/images/__1.jpg","size":908914,"fileName":"__1.jpg","name":"__1","width":2000,"height":1335,"thumbnail":{"url":"np://user.desktop.nicepage.com/Site_65452099/images/thumbnails/__1.jpg","width":250,"height":167}},{"id":"user-image-IMG_20211228_154923.jpg","publicUrl":"np://user.desktop.nicepage.com/Site_65452099/images/IMG_20211228_154923.jpg","size":868501,"fileName":"IMG_20211228_154923.jpg","name":"IMG_20211228_154923","width":4000,"height":3000,"thumbnail":{"url":"np://user.desktop.nicepage.com/Site_65452099/images/thumbnails/IMG_20211228_154923.jpg","width":250,"height":188}},{"id":"user-image-IMG_20210522_175635_022.jpg","publicUrl":"np://user.desktop.nicepage.com/Site_65452099/images/IMG_20210522_175635_022.jpg","size":167318,"fileName":"IMG_20210522_175635_022.jpg","name":"IMG_20210522_175635_022","width":1280,"height":960,"thumbnail":{"url":"np://user.desktop.nicepage.com/Site_65452099/images/thumbnails/IMG_20210522_175635_022.jpg","width":250,"height":188}},{"id":"user-image-photo_2022-10-17_14-39-36.jpg","publicUrl":"np://user.desktop.nicepage.com/Site_65452099/images/photo_2022-10-17_14-39-36.jpg","size":190870,"fileName":"photo_2022-10-17_14-39-36.jpg","name":"photo_2022-10-17_14-39-36","width":960,"height":960,"thumbnail":{"url":"np://user.desktop.nicepage.com/Site_65452099/images/thumbnails/photo_2022-10-17_14-39-36.jpg","width":250,"height":250}},{"id":"user-image-HMM0shhZf3kOCZIvnGgAGwQGcYejDjqCagrkIeoT.png","publicUrl":"np://user.desktop.nicepage.com/Site_65452099/images/HMM0shhZf3kOCZIvnGgAGwQGcYejDjqCagrkIeoT.png","size":728346,"fileName":"HMM0shhZf3kOCZIvnGgAGwQGcYejDjqCagrkIeoT.png","name":"HMM0shhZf3kOCZIvnGgAGwQGcYejDjqCagrkIeoT","width":792,"height":509,"thumbnail":{"url":"np://user.desktop.nicepage.com/Site_65452099/images/thumbnails/HMM0shhZf3kOCZIvnGgAGwQGcYejDjqCagrkIeoT.png","width":250,"height":161}},{"id":"user-image-medove1.jpg","publicUrl":"np://user.desktop.nicepage.com/Site_65452099/images/medove1.jpg","size":198060,"fileName":"medove1.jpg","name":"medove1","width":960,"height":719,"thumbnail":{"url":"np://user.desktop.nicepage.com/Site_65452099/images/thumbnails/medove1.jpg","width":250,"height":187}},{"id":"user-image----1.jpg","publicUrl":"np://user.desktop.nicepage.com/Site_65452099/images/---1.jpg","size":36532,"fileName":"---1.jpg","name":"---1","width":350,"height":225,"thumbnail":{"url":"np://user.desktop.nicepage.com/Site_65452099/images/thumbnails/---1.jpg","width":250,"height":161}},{"id":"user-image-Public_square_of_Varash.jpg","publicUrl":"np://user.desktop.nicepage.com/Site_65452099/images/Public_square_of_Varash.jpg","size":1068211,"fileName":"Public_square_of_Varash.jpg","name":"Public_square_of_Varash","width":1600,"height":1200,"thumbnail":{"url":"np://user.desktop.nicepage.com/Site_65452099/images/thumbnails/Public_square_of_Varash.jpg","width":250,"height":188}},{"id":"user-image--.-.jpg.jpg","publicUrl":"np://user.desktop.nicepage.com/Site_65452099/images/-.-.jpg.jpg","size":815512,"fileName":"-.-.jpg.jpg","name":"-.-.jpg","width":1920,"height":1325,"thumbnail":{"url":"np://user.desktop.nicepage.com/Site_65452099/images/thumbnails/-.-.jpg.jpg","width":250,"height":173}},{"id":"user-image-374px-Fontan_varash.jpg","publicUrl":"np://user.desktop.nicepage.com/Site_65452099/images/374px-Fontan_varash.jpg","size":21756,"fileName":"374px-Fontan_varash.jpg","name":"374px-Fontan_varash","width":374,"height":225,"thumbnail":{"url":"np://user.desktop.nicepage.com/Site_65452099/images/thumbnails/374px-Fontan_varash.jpg","width":250,"height":150}},{"id":"user-image-a889419c75fe20cc354dc980ad35b4cddde47999c65bcb522e439dcbcc1aa2fb880612ce3e1f6ac17d03f5b3830c9d253d0b50a67d58f42d2a2b35_1280.jpg","publicUrl":"np://user.desktop.nicepage.com/Site_65452099/images/a889419c75fe20cc354dc980ad35b4cddde47999c65bcb522e439dcbcc1aa2fb880612ce3e1f6ac17d03f5b3830c9d253d0b50a67d58f42d2a2b35_1280.jpg","size":411837,"fileName":"a889419c75fe20cc354dc980ad35b4cddde47999c65bcb522e439dcbcc1aa2fb880612ce3e1f6ac17d03f5b3830c9d253d0b50a67d58f42d2a2b35_1280.jpg","name":"a889419c75fe20cc354dc980ad35b4cddde47999c65bcb522e439dcbcc1aa2fb880612ce3e1f6ac17d03f5b3830c9d253d0b50a67d58f42d2a2b35_1280","width":1280,"height":851,"thumbnail":{"url":"np://user.desktop.nicepage.com/Site_65452099/images/thumbnails/a889419c75fe20cc354dc980ad35b4cddde47999c65bcb522e439dcbcc1aa2fb880612ce3e1f6ac17d03f5b3830c9d253d0b50a67d58f42d2a2b35_1280.jpg","width":250,"height":166}},{"id":"user-image-tunnel_love.jpg","publicUrl":"np://user.desktop.nicepage.com/Site_65452099/images/tunnel_love.jpg","size":56835,"fileName":"tunnel_love.jpg","name":"tunnel_love","width":560,"height":344,"thumbnail":{"url":"np://user.desktop.nicepage.com/Site_65452099/images/thumbnails/tunnel_love.jpg","width":250,"height":154}},{"id":"user-image-basalt.jpg","publicUrl":"np://user.desktop.nicepage.com/Site_65452099/images/basalt.jpg","size":60957,"fileName":"basalt.jpg","name":"basalt","width":530,"height":367,"thumbnail":{"url":"np://user.desktop.nicepage.com/Site_65452099/images/thumbnails/basalt.jpg","width":250,"height":173}},{"id":"user-image-bile_ozero.jpg","publicUrl":"np://user.desktop.nicepage.com/Site_65452099/images/bile_ozero.jpg","size":22376,"fileName":"bile_ozero.jpg","name":"bile_ozero","width":500,"height":375,"thumbnail":{"url":"np://user.desktop.nicepage.com/Site_65452099/images/thumbnails/bile_ozero.jpg","width":250,"height":188}},{"id":"user-image-basalt2.jpg","publicUrl":"np://user.desktop.nicepage.com/Site_65452099/images/basalt2.jpg","size":52394,"fileName":"basalt2.jpg","name":"basalt2","width":530,"height":398,"thumbnail":{"url":"np://user.desktop.nicepage.com/Site_65452099/images/thumbnails/basalt2.jpg","width":250,"height":188}},{"id":"user-image-390_62252408_2830600760347946_3025893414871101334_n.jpg","publicUrl":"np://user.desktop.nicepage.com/Site_65452099/images/390_62252408_2830600760347946_3025893414871101334_n.jpg","size":59151,"fileName":"390_62252408_2830600760347946_3025893414871101334_n.jpg","name":"390_62252408_2830600760347946_3025893414871101334_n","width":660,"height":480,"thumbnail":{"url":"np://user.desktop.nicepage.com/Site_65452099/images/thumbnails/390_62252408_2830600760347946_3025893414871101334_n.jpg","width":250,"height":182}},{"id":"user-image-8ldz2.jpg","publicUrl":"np://user.desktop.nicepage.com/Site_65452099/images/8ldz2.jpg","size":258873,"fileName":"8ldz2.jpg","name":"8ldz2","width":1043,"height":662,"thumbnail":{"url":"np://user.desktop.nicepage.com/Site_65452099/images/thumbnails/8ldz2.jpg","width":250,"height":159}},{"id":"user-image-o_1e9slluf3n39irq1pn01ahl57j2p.jpg","publicUrl":"np://user.desktop.nicepage.com/Site_65452099/images/o_1e9slluf3n39irq1pn01ahl57j2p.jpg","size":217881,"fileName":"o_1e9slluf3n39irq1pn01ahl57j2p.jpg","name":"o_1e9slluf3n39irq1pn01ahl57j2p","width":960,"height":539,"thumbnail":{"url":"np://user.desktop.nicepage.com/Site_65452099/images/thumbnails/o_1e9slluf3n39irq1pn01ahl57j2p.jpg","width":250,"height":140}},{"id":"user-image-tunnel_love3.jpg","publicUrl":"np://user.desktop.nicepage.com/Site_65452099/images/tunnel_love3.jpg","size":41118,"fileName":"tunnel_love3.jpg","name":"tunnel_love3","width":384,"height":585,"thumbnail":{"url":"np://user.desktop.nicepage.com/Site_65452099/images/thumbnails/tunnel_love3.jpg","width":164,"height":250}},{"id":"user-image-630_360_1521356538-3130.jpg","publicUrl":"np://user.desktop.nicepage.com/Site_65452099/images/630_360_1521356538-3130.jpg","size":96080,"fileName":"630_360_1521356538-3130.jpg","name":"630_360_1521356538-3130","width":630,"height":360,"thumbnail":{"url":"np://user.desktop.nicepage.com/Site_65452099/images/thumbnails/630_360_1521356538-3130.jpg","width":250,"height":143}},{"id":"user-image-img-20170710-104156597-59808f48a2bb9.jpg","publicUrl":"np://user.desktop.nicepage.com/Site_65452099/images/img-20170710-104156597-59808f48a2bb9.jpg","size":84520,"fileName":"img-20170710-104156597-59808f48a2bb9.jpg","name":"img-20170710-104156597-59808f48a2bb9","width":1280,"height":520,"thumbnail":{"url":"np://user.desktop.nicepage.com/Site_65452099/images/thumbnails/img-20170710-104156597-59808f48a2bb9.jpg","width":250,"height":102}},{"id":"user-image-ea74fe8-pozhezha-na-rvnenskj-atomnj-359ce22df29ebf897b8290069be90bfb.jpg","publicUrl":"np://user.desktop.nicepage.com/Site_65452099/images/ea74fe8-pozhezha-na-rvnenskj-atomnj-359ce22df29ebf897b8290069be90bfb.jpg","size":75389,"fileName":"ea74fe8-pozhezha-na-rvnenskj-atomnj-359ce22df29ebf897b8290069be90bfb.jpg","name":"ea74fe8-pozhezha-na-rvnenskj-atomnj-359ce22df29ebf897b8290069be90bfb","width":690,"height":387,"thumbnail":{"url":"np://user.desktop.nicepage.com/Site_65452099/images/thumbnails/ea74fe8-pozhezha-na-rvnenskj-atomnj-359ce22df29ebf897b8290069be90bfb.jpg","width":250,"height":140}},{"id":"user-image-Flag_of_Varash.svg.png","publicUrl":"np://user.desktop.nicepage.com/Site_65452099/images/Flag_of_Varash.svg.png","size":2057,"fileName":"Flag_of_Varash.svg.png","name":"Flag_of_Varash.svg","width":160,"height":105,"thumbnail":{"url":"np://user.desktop.nicepage.com/Site_65452099/images/thumbnails/Flag_of_Varash.svg.png","width":160,"height":105,"length":2057,"type":"png"}},{"id":"user-image-90px-Coat_of_Arms_of_Varash.svg.png","publicUrl":"np://user.desktop.nicepage.com/Site_65452099/images/90px-Coat_of_Arms_of_Varash.svg.png","size":11315,"fileName":"90px-Coat_of_Arms_of_Varash.svg.png","name":"90px-Coat_of_Arms_of_Varash.svg","width":90,"height":116,"thumbnail":{"url":"np://user.desktop.nicepage.com/Site_65452099/images/thumbnails/90px-Coat_of_Arms_of_Varash.svg.png","width":90,"height":116,"length":11315,"type":"png"}},{"id":"user-image-b0584bb6-0ec20b7428c35efeb9a7db2e794ac2ab.jpg","publicUrl":"np://user.desktop.nicepage.com/Site_65452099/images/b0584bb6-0ec20b7428c35efeb9a7db2e794ac2ab.jpg","size":211539,"fileName":"b0584bb6-0ec20b7428c35efeb9a7db2e794ac2ab.jpg","name":"b0584bb6-0ec20b7428c35efeb9a7db2e794ac2ab","width":1200,"height":630,"thumbnail":{"url":"np://user.desktop.nicepage.com/Site_65452099/images/thumbnails/b0584bb6-0ec20b7428c35efeb9a7db2e794ac2ab.jpg","width":250,"height":131}},{"id":"user-image-GettyImages-1193074238.jpg","publicUrl":"np://user.desktop.nicepage.com/Site_65452099/images/GettyImages-1193074238.jpg","size":51074,"fileName":"GettyImages-1193074238.jpg","name":"GettyImages-1193074238","width":750,"height":564,"thumbnail":{"url":"np://user.desktop.nicepage.com/Site_65452099/images/thumbnails/GettyImages-1193074238.jpg","width":250,"height":188}},{"id":"user-image-biomedical_engineering_09_bme_general_0.png","publicUrl":"np://user.desktop.nicepage.com/Site_65452099/images/biomedical_engineering_09_bme_general_0.png","size":534238,"fileName":"biomedical_engineering_09_bme_general_0.png","name":"biomedical_engineering_09_bme_general_0","width":620,"height":465,"thumbnail":{"url":"np://user.desktop.nicepage.com/Site_65452099/images/thumbnails/biomedical_engineering_09_bme_general_0.png","width":250,"height":188}},{"id":"user-image-2.jpg","publicUrl":"np://user.desktop.nicepage.com/Site_65452099/images/2.jpg","size":57148,"fileName":"2.jpg","name":"2","width":640,"height":360,"thumbnail":{"url":"np://user.desktop.nicepage.com/Site_65452099/images/thumbnails/2.jpg","width":250,"height":141}},{"id":"user-image-JobandCareerOpportunitiesinTheBiomedicalEngineeringField2_1649248476.jpg","publicUrl":"np://user.desktop.nicepage.com/Site_65452099/images/JobandCareerOpportunitiesinTheBiomedicalEngineeringField2_1649248476.jpg","size":45821,"fileName":"JobandCareerOpportunitiesinTheBiomedicalEngineeringField2_1649248476.jpg","name":"JobandCareerOpportunitiesinTheBiomedicalEngineeringField2_1649248476","width":514,"height":514,"thumbnail":{"url":"np://user.desktop.nicepage.com/Site_65452099/images/thumbnails/JobandCareerOpportunitiesinTheBiomedicalEngineeringField2_1649248476.jpg","width":250,"height":250}},{"id":"user-image-fcaedce9639e9e47536040006a29c50b.jpg","publicUrl":"np://user.desktop.nicepage.com/Site_65452099/images/fcaedce9639e9e47536040006a29c50b.jpg","size":159373,"fileName":"fcaedce9639e9e47536040006a29c50b.jpg","name":"fcaedce9639e9e47536040006a29c50b","width":1280,"height":848,"thumbnail":{"url":"np://user.desktop.nicepage.com/Site_65452099/images/thumbnails/fcaedce9639e9e47536040006a29c50b.jpg","width":250,"height":166}}]